,precision,recall,f1_score,auc_roc,pr_auc
0,0.027725563909774435,0.8309859154929577,0.053660754888585724,0.9573576366881387,0.4976663022359518
