Metric,After Tuning
Precision,0.8153846153846154
Recall,0.7464788732394366
F1-Score,0.7794117647058824
AUC-ROC,0.9003160130051633
PR-AUC,0.6276355396076766
