precision,recall,f1_score,auc_roc,pr_auc
0.027725563909774435,0.8309859154929577,0.053660754888585724,0.9521531845942914,0.3746896148232166
