,precision,recall,f1_score,auc_roc,pr_auc
0,0.02725563909774436,0.8169014084507042,0.0527512505684402,0.9598925695009826,0.6024807435472248
