n_d,n_a,n_steps,gamma,lambda_sparse,lr
8,32,3,2.0,0.005221911135507731,0.00032460570676150257
