Metric,After Tuning
Precision,0.85
Recall,0.7183098591549296
F1-Score,0.7786259541984732
AUC-ROC,0.9567079089108176
PR-AUC,0.7013442252646094
