Metric,Before Tuning
Precision,0.8688524590163934
Recall,0.7464788732394366
F1,0.803030303030303
AUC-ROC,0.9737664122562526
PR-AUC,0.7051731392220414
