precision,recall,f1_score,auc_roc,pr_auc
0.8823529411764706,0.6338028169014085,0.7377049180327869,0.9559713297673444,0.7353232936140688
